1,./aligned-images/jimmy-fallon/Download.png
1,./aligned-images/jimmy-fallon/E7551_EF7213_d4.png
1,./aligned-images/jimmy-fallon/fallon101115_2_250_2514.png
1,"./aligned-images/jimmy-fallon/Jimmy_Fallon,_Montclair_Film_Festival,_2013.png"
1,./aligned-images/jimmy-fallon/jimmy-fallon-ftr__140417172121.png
1,./aligned-images/jimmy-fallon/64627-14323921696-jimmy-fallon-snapchat-username.png
2,./aligned-images/Adile/Screenshot from 2017-03-22-13-24-44.png
2,./aligned-images/Adile/Screenshot from 2017-03-22-13-27-47.png
2,./aligned-images/Adile/Screenshot from 2017-03-22-13-24-45.png
2,./aligned-images/Adile/Screenshot from 2017-03-22-13-28-00.png
2,./aligned-images/Adile/Screenshot from 2017-03-22-13-27-56.png
2,./aligned-images/Adile/Screenshot from 2017-03-22-13-24-51.png
2,./aligned-images/Adile/Screenshot from 2017-03-22-13-24-42.png
2,./aligned-images/Adile/Screenshot from 2017-03-22-13-27-52.png
2,./aligned-images/Adile/Screenshot from 2017-03-22-13-27-37.png
2,./aligned-images/Adile/Screenshot from 2017-03-22-13-24-48.png
2,./aligned-images/Adile/Screenshot from 2017-03-22-13-24-39.png
2,./aligned-images/Adile/Screenshot from 2017-03-22-13-28-02.png
3,./aligned-images/Berkan/Screenshot from 2017-03-22-13-22-54.png
3,./aligned-images/Berkan/Screenshot from 2017-03-22-13-22-50.png
3,./aligned-images/Berkan/Screenshot from 2017-03-22-13-22-58.png
3,./aligned-images/Berkan/Screenshot from 2017-03-22-13-22-45.png
3,./aligned-images/Berkan/Screenshot from 2017-03-22-13-22-48.png
3,./aligned-images/Berkan/Screenshot from 2017-03-22-13-22-56.png
3,./aligned-images/Berkan/Screenshot from 2017-03-22-13-22-52.png
3,./aligned-images/Berkan/Screenshot from 2017-03-22-13-23-00.png
4,./aligned-images/Christoph/Screenshot_from_2017-03-23-14-48-43.png
4,./aligned-images/Christoph/Screenshot_from_2017-03-23-14-48-45.png
4,./aligned-images/Christoph/Screenshot_from_2017-03-23-14-48-47.png
5,./aligned-images/chad-smith/Chad-Smith-Premiere-Glen-campbell-ill-be-me.png
5,./aligned-images/chad-smith/chadsmith45.png
5,./aligned-images/chad-smith/chad-smith_52214color.png
5,./aligned-images/chad-smith/drummerch_david_63047217_max.png
5,./aligned-images/chad-smith/chad-smith-photo.png
5,./aligned-images/chad-smith/chad-smith-net-worth.png
5,./aligned-images/chad-smith/chad_smith.png
6,./aligned-images/Niklas/Screenshot_from_2017-03-23-10-06-19.png
6,./aligned-images/Niklas/Screenshot_from_2017-03-23-10-06-23.png
6,./aligned-images/Niklas/Screenshot_from_2017-03-23-10-06-17.png
6,./aligned-images/Niklas/Screenshot_from_2017-03-23-10-06-25.png
6,./aligned-images/Niklas/Screenshot_from_2017-03-23-10-06-18.png
7,./aligned-images/will-ferrell/will_ferrell_header_1.png
7,./aligned-images/will-ferrell/image.png
7,./aligned-images/will-ferrell/Will_Ferrell_2012.png
7,./aligned-images/will-ferrell/bf206599b5989cd36a95e7b1cbbd54dd.png
7,./aligned-images/will-ferrell/will_ferrell_h.png
7,./aligned-images/will-ferrell/will-ferrell-9542601-1-402.png
7,./aligned-images/will-ferrell/Will-Ferrell1.png
7,./aligned-images/will-ferrell/anchorman-2-sequel-image-will-ferrell.png
